ANNUAL_RAINFALL,CLOUD_VISIBILITY,JUN_SEP_RAINFALL,TEMPERATURE,HUMIDITY,class
1291.4151239263294,7.727724459627819,785.179338493517,25.734820337675973,63.22073530219737,0
888.0047681278513,6.7903699639433714,617.6782659065847,25.501586367139282,60.011834333193455,0
1425.1353587419371,3.561039533430419,696.3817335410354,33.30058691549935,76.5101473517516,0
1482.169414917364,1.994993087918206,958.4775944334356,29.321159782466367,73.77781622942507,1
614.689443403849,0.0,800.748322799989,27.153064789822423,48.92812678584509,0
809.3461479413046,3.9130089841347306,885.0524942170845,29.994877764278893,86.84017381845608,0
1238.3521209501855,9.840830024494805,967.5198105505474,19.571230610681248,68.5870813697375,0
1105.1272222969253,5.869768542927295,706.2896342755976,27.82746564143637,53.33603357176419,0
1194.9596527487133,3.880855427901021,989.0620409074515,35.990056711219054,87.83176171530812,0
944.086821727926,5.930160419000613,894.7106508645986,28.52938602561069,79.38513357394231,0
1463.8193924588486,1.8780832940111143,491.29672827213034,28.27165267667734,51.03187012078129,1
1433.3375806286845,4.405353274604729,1160.576197796561,30.192513518568784,96.65774260386587,1
1219.8092092683648,5.198954946031477,674.8138140607709,31.58242097325738,79.88196052549289,0
1538.17236209041,4.827798696357903,386.22616420370406,20.010133228440562,69.84705826562431,0
1340.2528026756136,6.581612243380161,538.7390726034243,21.270694072835894,93.8532820843267,0
942.2122611350285,5.689290452472105,544.7387098304196,28.841165164344588,72.38946675744461,0
1310.6252352247498,6.336652036215994,813.0433296643834,25.14049375240996,69.57875387343952,0
912.3352197513003,3.623255435538481,731.5373736134406,33.248101048879654,60.095498259670165,0
1463.5350903921817,6.795630816821096,715.7920080898518,26.739302440459106,78.72775658960617,0
1185.022226704124,8.257873895247982,954.9254913706197,20.26187705714753,77.14904450985969,0
1144.5412909364218,3.0597009606971746,884.9688402981759,22.927944332624012,70.22020209834567,0
995.7211366788176,3.2246086885708802,879.0119676610716,17.0012959214777,58.150204691985955,0
1566.7624016022091,7.671568672640466,902.4571143321732,27.063497850868348,71.94894781249111,0
1153.6411553793594,4.61731202660988,954.0336670005596,27.246463490942467,68.95301821356793,0
1071.501653351068,7.8076427841331135,273.0116645556393,26.30214916087241,49.99788521898698,0
1094.359934853531,4.1149285762156325,708.8904369338848,32.31551615611895,47.92281473013722,0
1359.6927556660046,7.910091152541423,254.9474838776315,32.79407934606677,78.47730068214653,0
1309.6332193092235,5.2629716336109045,809.0149816994489,27.318446306575556,30.971675274224665,0
1323.8197834787966,5.5164576466453905,798.8417569439137,19.461225330092574,73.0811579044189,0
1329.2463009023647,8.129436043339808,1061.3830686974202,30.469126321969036,62.828754133692634,0
1842.4942802611383,4.2764590451116575,1096.9085981802803,30.221440914034304,89.62369910319865,1
1078.0754950846153,3.1177558081500836,850.6937620630919,29.23756628062778,62.597976862691866,0
1046.3271812785388,4.102871583943291,674.909730650775,31.925918997232465,79.89226321377843,0
955.8681815256367,5.9046679012862775,921.2902781364345,23.34068761415584,64.04629238143312,0
1384.7938267726486,1.8684818556389713,668.0205906689216,36.03502154474056,71.70622230229215,0
1538.6916878162674,6.274941805302243,799.6518371391628,24.16228898743253,81.05254796380076,1
1165.8157627035375,3.9224573647645133,1046.5340792401919,30.996891708803417,63.0616642551313,0
947.9530569112416,7.295625321467127,660.5571635026441,21.250609222346593,84.94832326747606,0
952.6556352926282,0.21147939019905682,1001.4196598106253,24.278941250919797,55.09453184340275,1
1395.1778363474104,3.4268684497916624,969.3503421730757,34.065474586901345,74.41889263837568,0
1422.9762513610326,1.627063697531796,561.3020457172946,26.9564007079966,83.8395958418178,1
1362.9462804915586,3.347541067272095,1043.4735320543502,31.35969042053119,79.90056237685502,0
1000.3470878133917,5.495331802217886,974.6415863428763,28.947821554876985,98.74667315103116,0
1269.648396920016,4.64154674910049,825.4814718431644,27.58016737599931,58.54841024034009,0
1235.0057427422184,4.49324486210397,609.419135493087,33.45540129973076,49.31276122977118,0
1265.606579018704,4.6816302572398785,585.1984953561075,27.0533647013924,55.08497337257321,0
1461.428633384457,5.406776481239887,665.5843557742444,20.877047569746118,79.90663849822656,0
1267.0786646324048,2.9829279161137845,935.64861582299,24.787039632193178,77.46884401404068,0
1403.6740689215685,6.413699281798102,561.0937081496505,30.204766914806775,71.53384989471124,0
1220.2737208466674,6.325331940770968,909.3780621549674,29.58203642545003,53.15564426339305,0
1286.7358196069952,5.770075875312202,489.56111778040184,21.731766999058248,81.5030093999359,0
1389.3864677515621,6.113066885502526,748.9828538902877,25.102629922367196,51.6294283352419,0
762.8532540433,5.592836001617319,827.4119386435021,25.673114603191014,87.3842437356535,0
1104.0986350928097,9.070146605462135,1411.282536264729,26.5381216235431,100.0,1
1058.8882037121614,4.82581165789498,455.6710861199081,22.496345645593795,75.49676719857325,0
1008.3366455269975,4.385833563330847,1168.0036416225335,25.486515567522087,78.74662203486615,0
1117.4573246319949,3.4929448392852445,837.46060349682,25.08555805896189,62.60710346656661,0
1648.4823933703187,2.9354746588443263,902.7929795039908,31.086133039047677,42.84680018369775,1
940.250665292027,2.5110564247978493,829.5869783470512,31.236485243960974,60.95920955454666,0
1490.4835063774442,3.2224053735381633,911.1817045488083,27.416758167644737,53.606571383518755,0
695.1390685152586,4.858639236695858,761.5787239094956,26.431840816517074,48.294931353774764,0
1099.5344910042675,5.668590256995429,1163.5125453643645,28.559697248156453,95.83539912993474,1
1248.8259195315018,5.102284117104324,685.8822139438194,24.7336995701777,74.0929377703866,0
1375.8666994077835,3.4689294451405743,1083.058643044812,23.412671671330237,75.69531370920976,0
1413.3679739378565,6.800369128039927,638.9082199467443,24.239115164297132,65.36466452205626,0
1438.0041705599776,6.478825344601895,784.9370383996783,25.460747344114175,67.40693376334845,0
1095.3824783254688,4.680703385155966,532.0093619274452,23.346104800830915,84.46826023359,0
1061.2944622006298,3.694167710670576,913.75593008688,28.648238236251498,69.51494321957176,0
1457.3927643771462,6.096855841659599,1161.2814892316335,30.918862695134834,77.96040907037099,1
1142.6087025355155,5.375947174972209,780.6609550447865,21.651606796807034,67.05993553232476,0
817.2941029986234,2.103745481169905,750.7785753240227,28.100514844864133,64.86770663901929,0
860.0138357989558,4.864039488031191,521.3457592330183,27.120256818934656,48.89628751597207,0
924.1643141995166,5.524071624148762,742.676836611923,29.36603474214721,40.33376406449308,0
1349.1482232161293,3.2006104270244924,401.8014350696181,27.948244927585648,66.07657148400398,0
1242.7277208211697,5.3796867856748865,571.7805033202932,22.18560288027348,70.84745037989849,0
1407.1456062203306,2.0903550294844218,856.6965115272839,22.95044280457134,50.70804944936813,1
1071.8242060990397,7.672372200024341,1129.7532994353492,28.117694302339892,69.4828770244805,0
1247.5619073230143,7.495899970118863,1502.3027153073758,32.11512367898204,70.80628844485753,0
1387.677118190201,4.49496533139407,653.3537287322748,19.143250515827987,37.659879909109314,0
1107.1960380839284,5.726908675678146,1158.82503916136,29.38290631920632,56.27313010780748,0
1337.0325712672234,0.1801560684002501,860.938120100412,32.75848802115057,76.10895840603203,0
1001.4222176800047,2.6873046794693343,762.1880883134061,27.38789649517515,75.80588094093616,0
1091.0838460304785,4.412442159695741,908.1486129315381,30.200809984105764,52.69487625400359,0
1085.4786318005013,2.8557339571462816,815.4791209199898,25.18772367640879,72.37672075749603,0
841.2481063232881,6.428792965261318,827.5989314030546,27.52253520289249,85.33610838040708,0
1346.0917442356745,8.994593061495987,697.9167092933327,21.516345926767393,81.65609438486348,0
1059.1792979391828,2.646770561141396,450.4725850502873,18.622626766324505,68.57071319479098,0
1203.7482356183061,3.3250731918296146,414.0936993694796,31.7710632049011,62.980355300135614,0
1344.2239976717726,5.470896736619861,963.3112208203067,24.060020289102233,60.559832734982436,0
1333.959352808983,8.222232296999241,730.8249774785717,26.177888619986277,77.01729674364486,0
1399.6155326918358,2.5552513749201937,650.9777750859583,22.454230986919228,72.92655959714332,0
1170.454354647173,5.498072244613884,802.1264066807884,22.360121187664497,79.441060091533,0
1073.0105063867538,8.642597701626217,998.7330632289069,27.304649199621533,71.97810719681728,0
1176.0845367280804,1.6964817036414654,845.0909857565996,25.081691223457415,82.28145925521163,1
693.799669812591,2.437861586308336,635.9862658397582,29.511883991978795,71.4188879943655,0
765.8662582730738,4.152786787078323,1106.5732389122375,29.810153675918368,81.7703307419753,1
803.1901162936792,3.958823174289178,1194.796375745408,29.28339858529843,83.06234155549959,1
900.8259517195554,6.62520257550729,923.6391638307133,28.954403163713774,57.932100546627794,0
1319.932268017031,5.483319439641676,1043.4158778360224,34.31107281972754,42.87783929693881,0
928.3562833919818,1.4500758807157434,1110.4899992034527,23.729624923820456,93.1523928402183,1
1086.551233788183,6.030820805801621,1082.5248291011285,27.78026053518833,73.84988096068392,0
1589.7684893358196,3.844922225288699,953.5247942781559,32.53075928207836,44.28271156755818,0
1093.1208086815723,7.548894433882478,949.5867617687207,33.05815923735214,59.29270754171934,0
1421.254670540126,3.7448249271261607,929.9151433366256,22.312945402621708,81.57811438554742,1
919.9146959970369,3.7267694337955284,525.6655813632391,26.75057823337652,65.80484753300661,0
1138.368732639711,6.082263221609063,975.1807892148964,33.432484383469045,62.31907871021309,0
914.9933835268257,6.525852964673874,461.0465072183615,30.03231642079626,91.0132279046945,0
1098.2900772298312,5.896198727872407,601.3501362187362,28.78105212591909,54.290692804242845,0
1452.0924412372187,1.6288053652303836,1125.8912669520219,27.129261226261374,58.02769963367749,1
681.8038730422954,6.076068879856502,1010.0550406735493,26.46479629716902,73.17079712572401,0
1330.3270930637573,2.931383896651202,1171.8495724214656,29.152876252361295,75.85682398080823,1
1271.3206806996834,5.470552223176527,732.081404078177,26.990503500062065,77.44514551511097,0
1021.7550132909616,2.1525311292018796,511.9377896808081,27.829685515822224,83.6685706685342,1
766.1826436834637,5.892644295086127,739.8907007324143,28.314394824460148,72.97867931022276,0
1221.6388523141609,3.3868021913852546,825.5078243101435,25.287713886026005,77.34075908407614,0
1041.1521872808594,2.4347306994789566,819.7471790850025,30.128517495525752,66.11186111027375,0
1269.8028634064112,6.4276402729647995,1083.4201196891754,39.65697859366168,70.94047454855071,0
1206.5556436570328,5.483289043353502,709.6823937491386,20.892053442695698,71.61301270080452,0
1680.5336673962747,3.772046397214206,888.008617950731,29.29605009675992,73.22647203728555,0
1128.1933117580927,7.902357698042128,552.8432126413485,24.959239645524377,81.58809711374141,0
892.9507522134405,4.1186951568605155,912.5793195109533,30.309610310076998,78.32718522917247,0
1253.7826904868948,5.064215347941869,800.7771375464092,28.186229893311445,70.66325504350274,0
1265.9990051915295,5.537826895357202,612.5466654288706,31.047419096169854,57.863110225884405,0
1607.756272572131,3.760668131742773,741.0426594562869,32.702026306035116,71.01506887094064,0
1450.5333737743736,5.9422725867998585,753.9560633711945,28.769684471072726,69.57973322656385,0
1307.0613177448529,3.933095305670551,732.4612176657259,32.52820915365671,72.89772369719797,0
1638.9908673658686,4.176723355567582,1242.835310566921,18.62280842484529,100.0,1
843.3710837031447,7.725285279606682,775.3884994230301,34.36180919166409,62.143408321881466,0
1008.0745401750758,2.918827894975134,739.0259724556656,29.50024860756936,76.33433528688039,0
922.0272175783425,0.17443933814101964,275.63726059746455,32.31137342298073,86.02693100866448,1
1083.0570590532695,8.221873990023788,576.4481620051307,23.120497020633913,71.47002871149074,0
786.9941557331074,10.0,734.2316438859118,24.676920473578658,100.0,0
1390.5452840443213,4.189461469101336,628.5368309558393,28.583753176579098,64.32941062402784,0
1133.333190870368,1.1263239187596294,1145.4268983444492,27.931848442650146,74.8613383348007,1
758.7581116492026,4.379032047608113,758.7655561509454,29.132274352039957,58.01791382660527,0
895.3262756377376,4.427554100318662,1122.111062329563,32.338060643719864,64.72712897285061,0
1294.0541542350586,4.620152317955486,815.426158512592,20.939118738788604,73.73400865594986,0
1451.4379703683144,2.7732239161563035,809.3069591053942,31.895276286869237,82.69456093461595,1
1799.019267507536,6.1591222849529546,777.8008880718747,28.033127639831708,74.78642251035362,0
2074.158739802199,6.049014750572172,800.9490629053648,27.18487255550181,88.88672274002104,1
1324.322829982799,2.011188760361387,1229.698750762465,22.11553906246044,68.57552034110992,1
903.1385639904407,6.398393463389776,220.0973183121954,30.01219467350746,65.01747205241492,0
560.3861157806073,9.105369963891782,299.6135638903303,18.34356859587585,100.0,0
1280.3134387031507,5.34392066487412,664.2072922359715,30.59357604495485,75.91356474163047,0
956.1176714069022,4.325349675862988,803.6319704843922,22.031576658108033,59.20777681032179,0
1075.3928219460945,4.715993571184957,972.5261061910031,28.213831650469896,59.58604356627897,0
1016.3709602820576,6.230513533937122,918.2717995068688,27.52332465068832,55.85980128202989,0
1157.7627340750844,1.5386567889855636,703.9385217798574,32.67815258917553,84.04854033785182,1
1519.7940692362931,5.328781405954604,1054.7609233104406,27.28537932394444,64.53434060660138,1
1247.1145702336034,4.21907210107438,1057.5488507881828,25.223445755417337,71.91043713484729,0
1152.4095488883936,8.69565002591209,846.0144578178914,25.973589216115187,69.04736988342597,0
889.3038741522565,4.651654532390085,1040.6643931217104,33.09153107501865,80.97238611911402,1
697.5951165886929,8.33577522223904,868.1613158580321,30.145187876723575,57.2988386067397,0
1054.1076272780008,2.7925186044359855,659.629243304279,26.457480073907355,53.86641570785477,0
1183.865234754504,6.174518333605585,974.4542097500012,27.054214320141945,73.36445960772392,0
1730.3789740739649,5.6388005275824575,827.6532806446694,21.731291637658213,79.01438927049846,0
1239.0823564418658,3.2619055042704352,800.3349616886218,29.553896803406165,74.98798469646461,0
1494.8218533069173,5.3547922292738805,1168.2383930473936,20.960737169218138,57.85819406354008,1
1050.2113204382545,7.425037673663201,187.28196786497836,31.007185863341824,80.16227263137091,0
844.5168700748926,4.352416591426799,445.5789574601076,28.514486369965063,58.842086093565484,0
910.4649713302884,1.6160747016604735,503.2323934064075,37.547807198295686,62.17692032820425,0
982.4321806392741,4.964874347045108,709.1848381077986,23.59945778510278,55.84069712916997,0
1838.5409197305494,3.1951538104149746,736.3479575584925,27.589351635837467,89.51737522978047,1
953.5839962326842,4.3153181226722355,423.16858805673814,35.19315080369225,79.50132311541023,0
1451.5467611209035,4.836824460629758,553.7104919222934,32.765558561165655,79.0749006351831,0
929.1218465738921,1.5886955679689656,584.7895803691074,25.215151793680402,88.70817131713676,1
1479.4719038622732,1.768683321358644,1414.356023018973,28.89586971349379,100.0,1
1315.485289831759,5.964133671051051,1250.4354869367867,28.00799742566035,44.36160844134767,0
1153.0086307025729,3.9545626076606393,697.0626455788376,29.12782346957663,58.924351286843375,0
1187.7712421593699,0.0,709.1041774233003,25.20527825606068,60.75737373738214,0
1003.5636913711828,6.56968807321627,512.6990007029265,27.64271838919706,57.23770566425961,0
1333.8216604446243,5.54473951054848,322.9673966936833,21.607790498893145,53.836251285944314,0
1063.504955897766,3.572250351927032,770.779953397869,28.540493807472327,65.50520403916951,0
832.3182708698255,2.366339577883517,550.5370041889936,29.80008269368733,51.75094427065893,0
816.6187277041142,6.671615792628675,778.7873670844975,27.090322349424465,75.0256355130612,0
1251.776375316636,5.698701245120859,399.94853773913064,21.539796437660847,70.77547482142921,0
1673.7273769231306,9.765204565368148,609.5063854224355,31.95412745140585,77.21542997145482,0
1247.9974840720315,5.840377197449874,837.1567738257077,29.45810015197121,77.6159267745738,0
1164.4085021670353,5.775406282524029,891.5523994459843,25.095939609196094,79.04510280140015,0
1285.747841880763,4.66614413978287,904.3679896855036,26.877598212647744,64.39886594764177,0
1591.8005225120473,6.633551734401582,469.8777539607407,21.997322388872647,100.0,1
1265.8147504091569,6.250170402496307,1013.6714325338904,23.89835948888838,73.51646674723146,0
1076.7218307498788,7.50345001713039,599.9470758495374,25.84875461457144,42.06272871062808,0
1531.8866130179667,3.9573541627254305,958.2144786518267,32.9136832491206,54.964363813506736,0
1328.626931538484,4.129185054112075,797.3403308454517,25.441986436450097,43.89245516458277,0
1660.7267975987975,4.04179365817604,455.903125230513,30.560854637315035,70.2600194372696,0
1254.970331166572,6.581603442357978,720.950573854703,25.84673518855368,68.1729216392,0
832.6592904838499,7.996748880593464,891.3409355159419,28.9917902434075,62.97361453150813,0
789.5522402263005,4.082319013701399,953.2413451186497,27.43441799142479,100.0,0
1695.2783796693748,4.150452544413818,764.7530256388953,31.492226400370974,78.23474311115366,0
1717.099716234989,5.628154447739599,1182.9447226502632,25.86075464712577,80.89147542169502,1
1146.1442360152198,4.508476999974198,1051.8776927466397,21.709886999990236,56.03389768086845,0
1085.0438036592036,6.90410730627978,735.8364709000618,22.47220387454547,55.012826630034816,0
1638.4332876726608,0.4964454187619065,987.5304530342362,25.87249002422897,70.55208248645432,1
867.8862953869536,3.3465899061662108,1283.4483712970468,23.00376011728779,72.59510709478339,0
931.5818943132521,3.4351673320771083,1290.1211501957569,29.640848062718206,42.15532649328314,0
1392.9980384067132,0.3592879752277103,493.0000297943756,26.136927340567688,67.29539465725699,0
1081.6184631421231,3.072723111262392,568.3667222107124,37.498426200105726,70.21108124310257,0
1198.4634399839786,3.1696877683081475,1171.2296966834629,21.049141619451472,66.77276251343307,0
1150.9671304426463,4.59779069096234,535.4297372905908,28.814532714839206,57.799143814799855,0
1301.27236463968,7.225931783320528,469.36471667708025,23.488187905977323,61.9069722711829,0
1622.244558394115,4.509878697618595,678.4514673252382,26.026394638469284,67.34711209640805,0
1227.1754720705237,2.9383725594576924,905.0566773686464,28.565677893362178,71.36200035415072,0
1393.1816379830573,4.886090917572942,774.4008233472259,18.698514500502853,79.07187373825852,0
584.9483696906932,7.098347242882699,637.3590948986019,28.94730446715211,86.21284307426308,0
1185.3844794209647,3.0480823677701903,631.4468845688727,35.61162984909667,65.58478414709126,0
947.0309189121386,3.178850232157103,621.9157338968228,26.186246806525627,63.157657058269635,0
834.3560818729115,6.117097918548447,580.1225928352644,29.039231427222038,76.56483510301459,0
936.5542899213748,4.556927768538399,1370.4082193190154,32.0996867725016,79.16267374616281,0
1099.7629677897564,6.294969381418949,874.3777677963888,27.344185999892012,63.486993501116714,0
1474.770762706804,4.972706416409406,1021.6897636011846,25.676159245874068,81.85590215449258,1
802.0821846781307,6.403327296179134,677.7306329702691,18.89705438511299,84.6937801173396,0
1209.1894477783253,2.9298437719187183,753.5108307034877,30.563962877579893,89.3752969848801,1
1054.7491699999264,4.975830698423465,621.6115046574113,27.547326361084412,96.67481360079734,0
1101.6980716914118,4.578619971273686,137.07291627019958,23.949264594447353,57.00375792010841,0
1500.827347591381,2.5682181517917386,455.49768078803345,28.506386841110775,70.20847313998767,1
1361.4346311011777,1.8730441042626231,347.3453300049013,25.665278572775275,70.1691654492799,0
1601.2194322328232,6.371498070549324,237.5540555120981,25.8862954755379,68.52889647201239,0
1153.6482962250298,4.298095235564044,501.1602564254743,30.42516462443483,60.26105620584796,0
991.2172164987891,2.955439436705341,1131.2389198454077,22.646470354704622,47.71656995153393,1
1132.8423549358502,4.807642126153335,788.8909580739114,32.18926114429503,71.39019169043506,0
1272.7490373813664,7.256037714698605,1122.6409405802935,22.409255347526386,58.474665106781316,0
1252.9720075361133,0.43852430925615415,902.7456442252188,25.349194366578946,71.28990221121437,0
874.68357832999,2.0067226201933472,995.6397064287899,35.69178477626631,58.0893468745172,0
1227.1469344883624,3.154227116209465,574.7757511738562,32.50941904656969,53.50512481233488,0
1268.4684990416715,7.922357733440657,930.9877385481677,28.39041596998176,73.51447540565347,0
1955.2422112601762,5.565173965838593,982.1785585185864,24.237879137995133,72.26382290209744,0
1763.053383384501,6.5346344809224535,655.8381769415768,25.88291077320043,78.68922956981399,0
944.0269948323539,2.719678161747539,939.8850926540416,28.293101258342787,100.0,1
1113.7849915352472,2.7609282494589475,941.5469396437082,28.150092929358394,74.1593429681627,0
760.9673994488991,5.895627433445421,662.6118447174792,27.63651628149615,77.27622650596194,0
1022.7878958109541,5.116548661870893,519.3078919322513,27.876669943663263,53.83658006699012,0
1294.6815010771022,6.097477637728253,503.9679170254319,27.142499561179545,50.696388391954386,0
1561.75608626647,4.624658018143096,821.6263854803655,22.23208505743995,93.7424417016,1
981.2748486769175,5.556287452909254,881.7524671973287,25.93395703135667,56.147803301000444,0
1003.756067979661,5.316238169810219,601.8685423855213,31.658496215947387,54.34083892797037,0
555.8132910784035,6.555534778169851,806.6463353315247,22.526662809795532,69.4135161817517,0
1151.2002238365276,6.614016563888941,942.6342590346213,27.241777953842885,68.64711379933918,0
881.275676442131,1.7602560112164602,954.5476786663252,24.720984284916625,56.46240240335062,0
1041.168171790178,0.5054628893182889,1187.9700300306222,28.445401717592446,65.4254017193035,1
936.9417665497235,7.003490795303014,1119.245208049511,26.445467275732728,88.44063576475156,1
1171.721233724233,7.375450186523873,549.677141810864,33.909574659898674,57.91009586752304,0
672.6814825930106,2.958753960973325,1220.8965523845056,30.026332616761014,49.094912734507425,1
759.8864263827029,1.2803291869087428,667.2558738610713,22.752787336891153,84.13890431349688,1
1838.7741336084896,5.198069642014402,1061.218203113607,30.684912046454794,77.38445367907055,1
813.7732256177908,6.861676452701059,816.9966565127722,24.90139257495175,60.69222069027008,0
870.9643264636081,8.59518904486863,696.9626553857581,25.692014514489866,46.267494758096234,0
1751.0740584963942,6.032595144202902,348.0757850562668,29.255276080428487,58.83064965342155,0
2071.520150772122,4.25656660682861,757.108872445913,26.033010321079463,69.17943344726093,0
848.5300113523974,3.2137387568302747,410.1541911735978,31.57142326529182,87.48508134825728,0
1089.5253129635907,5.022902583341309,1041.8248089606932,24.901959753946418,54.451270376955144,0
1302.466665282153,4.401470592229487,1179.198164284812,25.524213789634548,68.7322017773279,0
1718.6092933216778,2.9698641885423678,600.7722526758274,25.374516425807563,80.12716989842347,1
903.9428764715287,9.097511301726573,875.4926856298177,25.737445006579843,34.28098989817119,0
1126.416646217367,8.570336804144262,618.6521194980062,32.39676622219125,85.50679251908349,0
1433.2012728185232,7.272097367110857,642.8788174658026,30.515185174441214,52.26324141690344,0
1330.4298223399855,3.158299204381745,993.6236759663428,34.83977581604829,74.97993240185401,0
1087.1531786309702,6.710038648594558,790.3654345391469,37.07057681559702,73.70024724416116,0
1159.8531106451876,6.279252818995804,1234.912010482753,23.877131872270642,86.26879587195768,1
787.5312574890054,5.885091248408106,679.4418803242697,28.281676509309154,78.2638657134031,0
1128.5478768076005,7.499330534087554,1049.8340831186224,23.29519873342627,34.34064262405028,0
1120.0837529973135,6.270742285722555,824.3533532394455,24.889576289006932,58.22831129266013,0
1269.6509668878768,6.480028472608671,998.9445024360583,25.479669958977322,72.0730769402992,0
1033.4018343542953,6.27381256674442,688.2105856675133,23.771380503446903,67.0753017082032,0
1341.4615567635417,5.6815828160042114,787.6102906121043,23.792450908406344,77.16416094635156,0
1503.8147453459485,1.432777740571633,771.1252801752663,27.42286248591898,81.84049833504558,1
1246.6287983005398,5.167242154821114,590.9857212885532,23.133126326454374,79.12677604644519,0
1305.526922519761,3.88761608230175,965.5203836454382,31.36850783655053,66.78587586168302,0
1215.9466042733602,2.440318084719959,962.562251394591,24.328985850329943,42.30494483319279,0
1200.0253179274243,8.363633238601647,948.3886737263916,39.23827588038557,63.167781267177745,0
983.5325899371458,8.457990681771406,1184.2414134794112,26.194462196142418,76.24552222208433,0
1294.9482785019925,7.718441200591224,1162.3362003090758,28.28807056766821,53.643291211742834,0
1170.8140204759532,5.510426833711749,706.2638275377161,22.81863526213586,79.46912095182364,0
1827.9504926791783,7.7012502419053135,893.2630796085446,34.82436703251056,83.62589945900956,1
1672.0064707425727,5.024106361203651,644.0998276854468,32.47800272321167,71.90300464443764,0
1315.7539657669502,5.4055945537955585,805.8388290286389,29.18766348294445,24.04330200531406,0
971.0828370915697,2.813057259076034,650.0626377202839,22.612789804881736,50.82867455932295,0
866.2765584049746,5.7939826089976805,1205.0175772840128,28.84266751089848,98.29283737834123,1
1557.3428859266596,5.120771856848834,890.9245375857407,23.51427581593098,61.80193310457433,0
1278.8247675441417,2.394695766331071,745.4927179738945,33.849421053893444,40.237851653065064,0
1344.0430210174832,4.897605776366806,1098.4046429640944,31.23677892741269,88.52871082465408,1
676.6242039077422,4.840540872286383,257.34614755114706,28.381756153950946,70.20033387315509,0
1478.2315444674541,8.59512233328928,296.47435128367755,18.254497347010712,86.57410733436588,1
1336.326101464309,6.788426657026819,998.9596638049435,24.06633608536388,74.15438012829048,0
866.8707946756566,5.022890878182932,815.117112029342,30.75104452639949,76.87838704318253,0
1058.5425577650153,5.497574619602166,862.6115750651902,32.85153476689263,75.44513871571775,0
1279.1151613069558,5.088424756208396,468.4009741703628,32.43667924596853,80.46232467881501,0
1215.740039506873,4.594172030408904,794.1915722874085,21.631947991034178,100.0,0
1112.3486442589335,2.8351456052234263,1300.8773526003356,29.206209227251616,84.56509503938781,1
1168.9535195802118,4.697896244786142,1006.0499049489657,32.06206086593172,46.29491023231698,0
1124.4067865379343,3.507803486694973,842.426636285703,21.36665773767102,76.69992272918356,0
1245.7687536307405,2.499368922153707,690.2365224737656,27.968381938507054,87.12221152154827,1
1641.4475918979472,6.022443629095069,701.3567870326515,29.095369593233826,88.04051209804219,1
430.00246772061075,5.78252931986647,267.70052769999563,26.79694166061306,63.600925254113506,0
1128.9449206470947,1.4265849772638441,864.4101052302901,20.591352578395195,87.47416667782191,1
1252.9537264117341,4.754630725009745,1011.3707771204635,26.697207559705085,83.91613599326809,1
1288.7981969061298,6.991402771799847,406.0951682073462,26.690778278979906,100.0,0
1088.425625603613,7.118447477792642,634.645776923296,27.407710381808982,58.74997395627233,0
672.9834652564252,7.051673685770478,510.63384194164445,25.746114298299723,62.38899135399362,0
1298.398645114233,5.07782641380292,558.6622012978091,26.227951387034132,65.4082142731007,0
1718.2050642492554,3.3099093440616976,813.370406705475,27.84117487061209,62.64666774941837,0
739.8415785251586,2.832602345283879,278.89946125288145,29.769818419878845,56.64968875354596,0
1459.1484041094564,5.689209809500715,953.567609589266,26.782292948573332,28.55986741489385,0
1101.4424330631318,5.7585600687303256,988.4637674834205,26.361404286527993,63.47950789415299,0
1181.6026962513458,7.574662223210131,737.2243529907719,28.36941615301783,75.54037089549857,0
884.1304467888153,7.199959300684167,179.82287250386457,20.316336296419273,62.60167231741134,0
1099.663148293237,4.735542686937656,550.8953434994025,29.90814050890583,99.03071775293665,0
1590.0133784096874,2.511588242278261,1108.225483525674,27.997747611508164,70.20063719073794,1
1374.7965725963122,4.361786805978205,105.50142981785689,28.158774106390247,89.36543582776203,0
1719.6934816229832,5.434462389621049,713.1191469516202,31.842937230377856,73.92130619094952,0
1553.2235666933082,4.595833509221192,504.9998053831852,20.188737879807007,82.39610964839886,1
1331.726003678873,3.8442117838446883,1001.1425753962092,20.104664520564146,74.18862330900343,0
1723.1803578503377,5.505769629939798,631.2215119641346,29.09521538129408,90.53176947855344,1
1331.6979476214897,3.992084517178779,900.9885051839029,27.971532579485938,70.83909025198601,0
1448.3964530391177,3.743867832549252,941.3651047922733,28.68070777276773,77.44181062133178,0
1111.0287139395875,5.6229056686068795,1259.056459932505,26.151491699310217,75.49499400475065,0
1219.9637447577616,4.19601483974159,749.2645140811575,30.657414696959727,65.67571812809021,0
990.772853009917,5.488208777956705,894.0110924056528,31.73055537196448,76.07473478387016,0
1496.875180378456,5.546408045704245,428.736130218141,29.93592917580611,100.0,1
846.5089130655404,2.7211419978168507,1097.603390823436,26.95668616638167,65.94404586856837,1
1434.7051027252983,4.037517752269176,609.8727879821588,19.569242449542386,76.29197339279872,0
1142.8046827484523,7.875553879832925,659.8114589780636,31.076944832148513,88.86668426304163,0
1551.3741280401957,2.6758409745314258,794.4380512876974,32.886914664870375,87.10379921416421,1
1425.260696619378,0.766691102058938,409.27891366503763,30.57823364793592,70.17574626579048,1
1746.1938472940406,1.276309693514977,857.1925072322344,24.481430290529975,34.249169455639574,1
1419.2324073415934,5.058219893153338,1041.8665682312526,30.695177574671032,77.750542279727,1
728.3879233040278,5.0618345560653975,873.2334558743229,31.442118831845782,36.70788612065421,0
1179.9140481305396,4.764778289149758,402.7756089553187,34.235264991196345,92.04905846411847,0
848.3978422215553,7.428379657857003,769.0476764175851,24.49556030308817,72.54210806789891,0
1044.5160472901175,0.0,985.5072257448727,27.094181661823445,84.99511029807984,1
1653.3685299830165,5.791867748861647,330.50280850852306,30.98908820457382,56.46833292728424,0
1391.2601432693089,8.122876403607147,531.3084965455715,28.22964028575263,46.71238790049918,0
990.3208714263761,2.744438470216572,1019.1359010203801,23.5306895917949,73.91131576211751,1
895.8847900678803,4.24038697642021,867.5238585493216,29.658465140106813,69.49594840065787,0
1209.8346278628783,3.494216165542758,902.9928955316884,30.314646535260668,62.626887607642516,0
835.0319551856617,3.2113079078449425,1264.8737019058278,28.35185158532401,71.26991921099146,0
998.6579167810257,4.34747598995392,917.1381946265507,28.87833970871978,100.0,0
1293.602841465373,7.854970567369009,964.4720026082948,26.965176393257078,82.51788321053587,0
1546.5936108320088,8.674773350975041,1477.6863818045815,33.913115742864235,85.74247908794979,1
1382.628441667332,4.328121549919705,746.5488604773773,24.397231265149294,82.65905337330034,0
512.61314742057,8.81012042812894,600.5293090953762,25.650716948944883,92.1919321577829,0
1291.310018709078,5.07115295396925,906.9490995617832,28.0439420541101,67.14892490648883,0
1221.6100719697733,8.507382053402162,909.7477573472237,31.51581611080357,39.17858038487059,0
1324.167085611808,4.8134027006930165,668.321152013448,22.01050731962185,67.17120800490986,0
1684.8629044953623,5.262115652092288,541.9007451112882,22.758813000938243,82.17603564994752,1
581.0285169585771,5.730948945285669,1377.4611055225196,19.84908596906113,55.4529940732739,0
1022.6689724426683,10.0,881.7108675970057,28.130780901013082,67.35451074266004,0
1377.2718968380063,6.702571149689578,616.9286546494811,23.526776731173825,59.623453854965305,0
725.5216801638173,3.585470940097073,1028.9825755698996,26.461799559928334,92.53043877764696,1
1642.7847144160528,6.937995740551716,772.7137121096664,30.64551275956683,81.24185523109846,1
1310.5069838101974,4.276334925831317,736.7796384205421,25.433829116868615,79.77310930965939,0
1453.9751957530211,4.020499634197582,940.5682179786234,28.92512809097346,79.32401969681457,0
1028.7169015434615,6.817202719784222,477.0294329420775,26.80264836899311,69.4412612117181,0
1444.1291069898632,5.062171175542305,888.156800979293,30.688457260385746,72.96334423791255,0
1520.5414667967116,5.557151829023612,1278.238701932938,29.900512269392035,52.22223129201524,1
1269.8634060411505,5.0279704437305845,916.5444155493277,25.23226521530156,37.203370318741484,0
1270.3202678096088,5.673166253210869,705.9469740541339,27.32539298639819,72.25121695517537,0
1281.1029717845176,5.849931794872298,673.2236798929395,32.174973590881976,74.85985384408217,0
940.9964205781855,1.1260661345891694,697.4150066637227,29.57350748101639,88.13896852638067,1
1155.741395927894,6.333145337219067,736.5093304880547,22.412151768995475,93.57003724123551,0
1154.2432402642924,3.035961160339399,705.548366810432,30.622472244685532,93.5499772749842,0
1315.0181593060486,2.1154017288811775,1029.0778602686416,23.661557510255047,55.02964610059183,1
1499.9472740730885,4.883177512282635,366.6977241977542,33.650052279844026,64.71602447575346,0
882.4391754064773,5.167962006628908,1015.5000126030335,32.0963953593641,77.20501443822069,0
1162.4972909041267,3.6129876708554383,705.0783687143597,29.159541903673603,100.0,0
1644.436664297692,6.6620637153359485,894.236946423843,28.628931373744773,92.20148805570874,1
976.9235313562308,2.315649667258186,518.2530224497841,27.16387097589032,86.7909574299757,1
953.3249948129039,4.186112502454882,1132.157766712359,30.714095805600113,64.18318066676065,0
1260.691857549358,3.8302517301339987,1111.4087400429682,26.516887322151753,56.75200553267313,0
1453.3155571455961,4.906825459321321,1039.8976314375184,28.942279482559577,81.8336182507486,1
1203.4278166681977,5.557728569294477,421.3113060516152,31.487737466077803,53.4900810364846,0
1598.6881771310968,2.9842141007529106,1007.2802677665131,25.75277382589764,66.42345473529546,1
1457.038194769958,6.448565354912456,901.2137719089272,25.535229040037223,68.27833076497116,0
1452.5460200670186,5.126004736669399,398.6821882168581,23.222538077102165,93.89368133684212,1
1366.234950397228,1.216107493376179,793.9256540572961,23.74210901549531,64.67954045560484,0
1898.2959301038254,1.082817119205938,891.1336222583157,20.68641875423399,33.41125542141077,1
1138.4514933401867,4.975361414141378,939.0188184557877,30.91931515606212,77.56666971493702,0
598.9433123800459,4.558065364427292,844.3153417372139,35.235658168331085,59.51467220344111,0
1681.2763084551423,4.793159772850733,872.8078542118449,33.70131577388122,70.6394653665662,0
1062.6901707129523,4.944035086939564,1168.402848063274,21.495662045493933,68.69942948736815,0
1232.36413330291,5.451119679020361,1106.5084774776699,30.8994186862248,65.89444006273348,0
1592.865205458158,6.895299219696599,100.0,33.688425399694225,81.85510872677055,1
719.3221376823224,2.7777901981648836,720.6403612905794,26.172760077045343,47.00702682470939,0
824.5058357681582,2.6560568141984104,758.8372431140122,28.405789722600197,62.2447866256846,0
719.6166188643439,2.813352284225235,361.97535681825724,19.96842779678132,80.26056869676071,1
961.7591129923728,5.577833334337414,823.5457645580781,29.066944671906565,60.78872836983447,0
1331.8909818050981,7.489894757292891,1112.1894431026267,23.74576108226113,45.86789936095042,0
1357.2563528438313,4.137321123520979,528.3580351023525,28.79854007164606,80.02833014885104,0
1282.8822537985661,0.0,884.1002346724681,21.755188311244478,86.84641945662308,1
776.1702348322901,1.592014274779249,571.0441306758905,30.171432897910385,69.3250718853549,0
506.9689690102068,3.333926554407977,632.0219940800807,32.09805070170676,40.58731602295701,0
1216.3060756171146,3.8845422250095707,1169.3484085425089,24.86728055313933,80.58954620048225,1
1058.4671899084992,4.183222745490547,664.3605449720437,23.45230967435826,45.10168177870468,0
1337.8157315149836,5.077162245961834,915.5531222526562,19.375907829800077,74.63198915272248,0
1410.5860878663811,4.376507338355106,332.19547098475323,26.934345863699292,56.688042628867606,0
1241.4724296176046,7.098679221086814,1265.5793903487202,25.67362426287358,52.602410713495516,0
1428.0399256127562,3.6479653886372625,950.6631115766247,21.795922350607782,63.37134974380465,0
1268.7634122345205,3.275364081048914,754.3750393374346,29.812075025248685,67.2505366535911,0
1359.01941168044,5.957751077040923,943.8866274999737,26.200118472541405,60.336876244203275,0
988.5980211390353,1.9287158601477614,447.5451427630474,23.69705616541907,78.83054917322725,0
1146.1165758505624,5.779383410640005,1095.6326854381643,25.781710377438213,63.30895932311749,0
1259.032828997087,5.205106367452534,719.0038061258924,32.28521815571846,84.70286307507733,0
1446.1585426252257,4.705115020163666,748.9826212378913,30.41174777502089,74.21759748465219,0
1081.8776483326283,8.176552214298525,677.0860962586289,27.47989575400604,59.536641901055376,0
1356.3501767196337,3.755585109410564,654.8371493136038,30.47642007385941,57.01090174251571,0
1120.2483624253864,9.120596341048156,973.6676529071021,23.356352174453043,45.28755551428842,0
1164.7373498015609,4.549137101543802,863.9767125260557,28.129480402908122,74.36099766800234,0
1448.855712607222,2.4459671100595437,962.93703535076,28.58928932194588,64.68118679122963,1
602.0818886837533,5.13983916198965,797.8013276286072,26.120653966005094,34.417067079047285,0
811.0583015775717,2.8475095993624637,928.2999527692953,29.741833343829672,61.964276908459,0
755.3443807671538,3.4964883043729995,695.2878140187404,24.878266181422195,56.48448956117572,0
499.9151640455086,5.794066600030982,1357.432960352387,30.039282831104472,93.63516388255991,1
996.520667953447,6.11116417730025,408.01739589237536,30.207435086125166,44.45832082160035,0
1424.830169918322,3.7556645994914835,1115.2343308907462,16.331360477211735,48.37973800398919,1
1114.5347800852276,6.974810290092801,1141.9768626802427,32.76122281404047,86.6495446465855,1
1259.3370245825556,7.315015516042267,586.9602985086016,15.809469738588984,90.35144736195944,0
1526.7652490132377,7.872603513126582,1357.3184026389933,25.535803897775498,58.82525591911538,1
1598.3058396803076,6.058826814251445,1048.8725707363296,32.10139213703102,60.51871265786634,1
1179.2586195821582,7.726857424171397,1042.784751705728,26.730853098990238,79.24353094829969,0
1606.0757668708193,1.2384031440518846,807.0055467564691,22.135256070121834,35.09350304582035,1
1227.6379975302327,4.364186902743075,745.6934604453309,23.625051753133317,42.08209473241666,0
948.7805328517613,3.2659894873531474,747.6477932400979,32.107622985282475,65.78899898723932,0
1021.6798943403794,5.238451722254784,897.6326490798793,20.313981877805446,93.2483584919369,0
755.8390462304951,3.8571015616065254,1150.296568758474,32.515964403848066,63.46404867749891,0
933.5598438799043,4.6676843161005355,845.328554465355,27.77959160383084,71.51405187602732,0
1092.5949935776712,8.764349760408098,572.1390942156775,23.230418678230265,87.00683908846018,0
1441.0755058135805,4.6605604071592435,1006.1067655962449,25.667539710789235,100.0,1
1716.230949349795,5.827584634380428,1030.287686598698,23.931102635593433,61.347272902775316,1
785.345545386888,4.53546134015153,963.6648821119466,31.464900803434116,69.74744914399861,0
1317.8482404779757,5.151426575913668,986.3747266312457,30.929711239051354,97.33082832014264,0
887.8368182527397,5.012033360872143,732.267967460548,21.123355464495813,47.16701087212857,0
1342.4091265389607,5.896648131946319,567.7527082173551,26.385631525922662,85.41371605830733,0
1160.6740047936821,7.330615071094353,582.9516423398051,24.547257350622893,54.72526701458113,0
650.7282522457409,8.294787995206658,391.13418788553554,33.17403987383748,71.53708550654736,0
1478.4890974705454,5.619240163818334,859.2371528864875,22.599603527494317,66.36071428899588,0
1018.4997861573806,6.179093772071204,779.1378041933516,34.41691641874006,55.62982598948156,0
1039.8299284879336,2.698270981628866,690.0030738675728,27.86682104193225,55.253471085125874,0
879.074276613093,4.824246515168759,100.0,23.35226237447965,74.14621546380631,0
1003.7150169937333,6.880578929767178,488.17063257645776,25.29090326396289,84.93308992244023,0
1328.3671322084751,6.731937276834307,1080.2101628507917,24.793524636926197,68.05395695217246,0
1143.2266977190784,5.4232194655901,633.8434999842173,22.901526391937978,71.05169738099825,0
1298.5986006847443,6.772787919135904,890.1479194142104,28.379307438921504,78.56761099436571,0
1308.5765561786532,5.981533417987638,452.32864250618593,23.088337797232626,55.4257184048056,0
1596.19849665845,7.400612516518644,1159.676370589808,19.278535165047245,81.09538762619384,1
1097.1641547406862,5.578718313914222,763.9930849863309,26.48129411660731,82.2901464558962,0
756.9426549462805,4.288603368857931,872.5100991208838,20.788575214328468,100.0,0
1520.166724971595,5.671682513866047,1381.4449479704213,24.99135652772992,64.35843714160626,1
1100.5535483708236,0.0,1179.1100251473508,24.363588445586576,63.128772974978084,1
1534.377733373213,5.765771472770099,723.3585946782356,24.515135711896743,81.53448807360618,1
1315.013133954741,0.0,651.6949537824103,36.003852406360615,82.28656253368207,1
1160.6587409389965,1.553073185189164,718.6137471201171,28.225646268678283,61.97369269934932,0
1304.6327682138885,5.903537201881968,927.4745621191339,28.981484035981328,63.95255984604927,0
1785.3037680378898,5.955058674533591,773.6939664372823,20.89440681463082,78.11696257327061,0
1823.094158716126,2.675142439720139,701.1889637491321,25.384147465452312,57.58623638898008,1
1220.8143405398337,3.5757959162421225,1166.7953126772604,28.861210519766047,63.841990179774776,0
1248.0571779951226,7.741081977228264,771.4475270555408,23.901884348347973,71.34389151052652,0
1522.8720472399157,4.031939736854648,1374.8972732593297,31.63225137407194,84.93908027233387,1
946.3016901697958,9.48584062480597,822.6856409380432,23.18921365639588,60.93102075730689,0
1299.9211117854766,4.996160293647308,1246.3295985561817,26.8545354565393,42.36423306953992,0
1192.2411456138432,5.816072353762534,889.3298556776567,25.655793440097767,41.25103798722684,0
1294.172463437266,8.233748796997215,1040.7401433123619,28.657282637527665,51.108803999407996,0
949.9893582151783,5.26205423238684,618.8472371205689,25.438039712578295,50.302484227000946,0
723.1297520073093,2.9953120386183976,586.560194353147,26.91642549171625,67.68083862070137,0
578.1049692026124,4.780545096611419,914.9264887537469,27.05547963288806,52.16679769603593,0
864.7847661031176,4.928778527619818,1047.138310616329,25.062448970434797,59.458675602681936,0
1062.3974145182,2.270516695596869,810.0641255001157,29.94037547398845,58.38871172526925,0
1112.0425240053714,4.488335857318353,478.4016662290757,28.953553499349702,63.3923820872801,0
1781.169348728855,3.5156158120051266,459.9354084276682,27.645544218987332,89.83756497284683,1
1531.7980109721893,6.848715514374868,443.2158994534397,26.278166666152167,79.92921384145775,0
911.3726650975118,5.069223748370511,358.09447176515476,31.18617612207999,70.24194122914005,0
1304.3125357352872,4.43440850170486,827.3713398617718,27.056663024743276,63.08460579128743,0
1077.8765290949025,4.787636138754848,1081.2609804270064,26.77321084869625,63.50151015065468,0
1114.6908485879715,5.446244036812332,796.6460532687978,28.418760119552505,74.91619704927925,0
1255.5976948246146,6.23362839937956,234.89631066553693,34.786346731883405,78.76253610028435,0
1385.7513350926179,3.0005755426612373,752.3098849163628,22.638575167915185,56.385737408490996,0
1098.2224548347954,2.9168247347574563,759.3002508418482,31.07942757222142,70.54721133421347,0
1519.1554598203074,7.20935843080506,1323.9996875563597,20.42731535504758,39.525706470054594,1
857.4185321572788,4.175326255590539,435.7155217701109,28.869092632914494,73.17570676255896,0
1201.9017187086806,2.166315814806252,702.330599350201,34.30033131043492,81.4322386293803,1
1979.3021179787497,5.887625418766209,1226.4631701361411,29.95467409786923,65.79897059678687,1
1266.9239227875826,5.926739612065374,912.494585336637,28.68250031415917,97.24790494210158,0
1629.964351981852,1.9385694854865871,940.8282683791061,25.758202124787697,56.781423288459244,1
1227.4560534519624,5.458963430927213,828.6461092559696,28.124188801954215,73.26160622954892,0
1374.233128598939,6.471166184856747,882.4858846643161,26.991748738386576,69.46262880001066,0
1182.9650416821926,5.748772903412526,994.402382569634,24.856093568274577,68.49553498834888,0
1148.8777256507387,6.26396296752279,597.6284202768084,26.84049753810052,68.28516747992879,0
966.155280982374,2.191461803818502,1019.5146447270499,28.79352464250576,71.60657545014207,1
1329.090407687266,5.662080309992391,456.7492457786152,24.93113172587744,82.7193811519555,0
944.5388432442696,4.394760481059107,882.0919932078846,24.774872717261264,90.66604354412117,0
1399.6755708940286,4.034419682550711,844.6852408215818,22.5590262496313,69.96624633243763,0
1525.586101333773,6.741111218839453,645.926727951973,29.562900104355585,82.22974108257449,1
1309.959422171169,7.95854902134846,794.3286811685883,30.18129304786824,59.47349580599826,0
1114.1253799332924,8.588740109200717,644.3649618336117,28.92664177694607,81.48933179089349,0
1336.1896737926088,7.62961574301181,532.0746682845639,31.860681970914662,58.57012714259515,0
1107.3980833360763,4.780531636739632,711.5963145965889,28.35147054832291,86.35989904132198,0
1480.6641376395448,5.7054403260526865,524.0028411570846,29.568043749463026,100.0,1
650.5781747354629,6.533645743568488,880.699366023312,29.215349702550252,68.16874168042912,0
1099.3177895644062,5.242355898598924,512.4786264619091,27.63383992232717,37.11184763788887,0
602.7564014628007,5.261528375823088,977.9942557477628,25.87671268748141,61.778906001327655,0
751.4817509318384,6.647506263752364,504.630233017795,36.85661046316764,88.47812701433955,0
